{"cameraMode":{"drawMode":0,"name":"Shaded","section":"Shading Mode"},"sceneLighting":true,"audioPlay":false,"sceneViewState":{"m_AlwaysRefresh":false,"showFog":true,"showSkybox":true,"showFlares":true,"showImageEffects":true,"showParticleSystems":true,"showVisualEffectGraphs":true,"m_FxEnabled":true},"in2DMode":false,"pivot":{"x":-0.12710502743721009,"y":0.8707418441772461,"z":37.37948989868164},"rotation":{"x":0.401880145072937,"y":-0.05102865397930145,"z":0.022544072940945627,"w":0.9138746857643127},"size":3.219212770462036,"orthographic":false}