{"cameraMode":{"drawMode":0,"name":"Shaded","section":"Shading Mode"},"sceneLighting":false,"audioPlay":false,"sceneViewState":{"m_AlwaysRefresh":false,"showFog":true,"showSkybox":false,"showFlares":true,"showImageEffects":true,"showParticleSystems":true,"showVisualEffectGraphs":true,"m_FxEnabled":true},"in2DMode":false,"pivot":{"x":2.8739092350006105,"y":1.156203031539917,"z":33.41458511352539},"rotation":{"x":0.3270326852798462,"y":0.023818064481019975,"z":-0.008160154335200787,"w":0.9445638060569763},"size":0.4937725365161896,"orthographic":false}